naziv_usluge,maloprodajna_cijena_eur,poseban_oblik_prodaje,naziv_posebnog_oblika_prodaje,sidrena_cijena_eur,datum_sidrene_cijene
Orijentacijski call,"70,00",/,/,"70,00",10.9.2026.
SOS Call,"33,00",/,/,"33,00",10.9.2026.
Rise mentorski Call,"60,00",/,/,"60,00",10.9.2026.
Bloom mentorski program (6 modula),"555,00",/,/,"555,00",10.9.2026.
Bloom mentorski program (3 modula),"297,00",/,/,"297,00",10.9.2026.
Produljenje poziva,"15,00",/,/,"15,00",10.9.2026.
Seed live: Upoznaj Silhouette svijet - pojedinačna prijava,"39,00",/,/,"39,00",3.10.2026.
Seed live: Upoznaj Silhouette svijet - dolazak u paru (cijena po osobi),"29,00",/,/,"29,00",3.10.2026.
"Bloom live: Reži i lijepi (folije, naljepnice)","89,00",/,/,"89,00",3.10.2026.
"Bloom live: Slaži i oblikuj (papir, karton, layering)","89,00",/,/,"89,00",3.10.2026.